status,season,week,week_day,event_date,tm_nano,tm_market,tm_name,tm_alias,tm_alt_market,tm_alt_alias,opp_nano,opp_market,opp_name,opp_alias,opp_alt_market,opp_alt_alias,tm_location,opp_location,tm_score,opp_score,boxscore_stats_link
closed,2013,1,Thu,2013-09-05,6DclFuycdPaOB,Denver,Broncos,DEN,denver-broncos,den,zyhFXj1nywrm1,Baltimore,Ravens,BAL,baltimore-ravens,rav,H,A,49,27,https://www.pro-football-reference.com/boxscores/201309050den.htm
closed,2013,1,Sun,2013-09-08,VkxV91RtzHn65,New England,Patriots,NE,new-england-patriots,nwe,3VqeLK0LS9rpw,Buffalo,Bills,BUF,buffalo-bills,buf,A,H,23,21,https://www.pro-football-reference.com/boxscores/201309080buf.htm
closed,2013,1,Sun,2013-09-08,1vVmWGzUZ1rea,Chicago,Bears,CHI,chicago-bears,chi,22ZdibiqvfA2D,Cincinnati,Bengals,CIN,cincinnati-bengals,cin,H,A,24,21,https://www.pro-football-reference.com/boxscores/201309080chi.htm
closed,2013,1,Sun,2013-09-08,mfbu6O5aMHbJg,Miami,Dolphins,MIA,miami-dolphins,mia,IR4gIYmh269EI,Cleveland,Browns,CLE,cleveland-browns,cle,A,H,23,10,https://www.pro-football-reference.com/boxscores/201309080cle.htm
closed,2013,1,Sun,2013-09-08,LJmHetie5VbbO,Indianapolis,Colts,IND,indianapolis-colts,clt,LZoDld8s63xUs,Las Vegas,Raiders,LV,oakland-raiders,rai,H,A,21,17,https://www.pro-football-reference.com/boxscores/201309080clt.htm
closed,2013,1,Sun,2013-09-08,FCuH1wdksA2DQ,Detroit,Lions,DET,detroit-lions,det,AzOs5UWsXusSW,Minnesota,Vikings,MIN,minnesota-vikings,min,H,A,34,24,https://www.pro-football-reference.com/boxscores/201309080det.htm
closed,2013,1,Sun,2013-09-08,ltMyRE3yvVUaw,Tennessee,Titans,TEN,tennessee-titans,oti,SlVgURDFI7EXX,Pittsburgh,Steelers,PIT,pittsburgh-steelers,pit,A,H,16,9,https://www.pro-football-reference.com/boxscores/201309080pit.htm
closed,2013,1,Sun,2013-09-08,CI5mhfNa0Zqd2,New Orleans,Saints,NO,new-orleans-saints,nor,mLspw4gJNTQGN,Atlanta,Falcons,ATL,atlanta-falcons,atl,H,A,23,17,https://www.pro-football-reference.com/boxscores/201309080nor.htm
closed,2013,1,Sun,2013-09-08,oiGiwWPf0UqMC,Kansas City,Chiefs,KC,kansas-city-chiefs,kan,RtOjnciWkJPaL,Jacksonville,Jaguars,JAC,jacksonville-jaguars,jax,A,H,28,2,https://www.pro-football-reference.com/boxscores/201309080jax.htm
closed,2013,1,Sun,2013-09-08,mexvMWO2v1hWn,New York,Jets,NYJ,new-york-jets,nyj,QMAZH1v922YLu,Tampa Bay,Buccaneers,TB,tampa-bay-buccaneers,tam,H,A,18,17,https://www.pro-football-reference.com/boxscores/201309080nyj.htm
closed,2013,1,Sun,2013-09-08,4M8AK5p0WXs1N,Seattle,Seahawks,SEA,seattle-seahawks,sea,jJBGuksuDJF5L,Carolina,Panthers,CAR,carolina-panthers,car,A,H,12,7,https://www.pro-football-reference.com/boxscores/201309080car.htm
closed,2013,1,Sun,2013-09-08,u98I1lDKQBwZ0,Los Angeles,Rams,LA,st-louis-rams,ram,GJizlkzQFaqGA,Arizona,Cardinals,ARI,arizona-cardinals,crd,H,A,27,24,https://www.pro-football-reference.com/boxscores/201309080ram.htm
closed,2013,1,Sun,2013-09-08,IwSI92ZDKoazn,San Francisco,49ers,SF,san-francisco-49ers,sfo,D5QY6bOxfn8ZL,Green Bay,Packers,GB,green-bay-packers,gnb,H,A,34,28,https://www.pro-football-reference.com/boxscores/201309080sfo.htm
closed,2013,1,Sun,2013-09-08,KdjU81i7YSFE7,Dallas,Cowboys,DAL,dallas-cowboys,dal,n8CuHV9wbYCqF,New York,Giants,NYG,new-york-giants,nyg,H,A,36,31,https://www.pro-football-reference.com/boxscores/201309080dal.htm
closed,2013,1,Mon,2013-09-09,hjjmgzxilGWdr,Philadelphia,Eagles,PHI,philadelphia-eagles,phi,9JtBk8kFeaGEs,Washington,Football Team,WAS,washington-redskins,was,A,H,33,27,https://www.pro-football-reference.com/boxscores/201309090was.htm
closed,2013,1,Mon,2013-09-09,UI0Ax4HUEXFh6,Houston,Texans,HOU,houston-texans,htx,SjaMbkmeizJD4,Los Angeles,Chargers,LAC,san-diego-chargers,sdg,A,H,31,28,https://www.pro-football-reference.com/boxscores/201309090sdg.htm
closed,2013,2,Thu,2013-09-12,VkxV91RtzHn65,New England,Patriots,NE,new-england-patriots,nwe,mexvMWO2v1hWn,New York,Jets,NYJ,new-york-jets,nyj,H,A,13,10,https://www.pro-football-reference.com/boxscores/201309120nwe.htm
closed,2013,2,Sun,2013-09-15,3VqeLK0LS9rpw,Buffalo,Bills,BUF,buffalo-bills,buf,jJBGuksuDJF5L,Carolina,Panthers,CAR,carolina-panthers,car,H,A,24,23,https://www.pro-football-reference.com/boxscores/201309150buf.htm
closed,2013,2,Sun,2013-09-15,zyhFXj1nywrm1,Baltimore,Ravens,BAL,baltimore-ravens,rav,IR4gIYmh269EI,Cleveland,Browns,CLE,cleveland-browns,cle,H,A,14,6,https://www.pro-football-reference.com/boxscores/201309150rav.htm
closed,2013,2,Sun,2013-09-15,mfbu6O5aMHbJg,Miami,Dolphins,MIA,miami-dolphins,mia,LJmHetie5VbbO,Indianapolis,Colts,IND,indianapolis-colts,clt,A,H,24,20,https://www.pro-football-reference.com/boxscores/201309150clt.htm
closed,2013,2,Sun,2013-09-15,oiGiwWPf0UqMC,Kansas City,Chiefs,KC,kansas-city-chiefs,kan,KdjU81i7YSFE7,Dallas,Cowboys,DAL,dallas-cowboys,dal,H,A,17,16,https://www.pro-football-reference.com/boxscores/201309150kan.htm
closed,2013,2,Sun,2013-09-15,D5QY6bOxfn8ZL,Green Bay,Packers,GB,green-bay-packers,gnb,9JtBk8kFeaGEs,Washington,Football Team,WAS,washington-redskins,was,H,A,38,20,https://www.pro-football-reference.com/boxscores/201309150gnb.htm
closed,2013,2,Sun,2013-09-15,SjaMbkmeizJD4,Los Angeles,Chargers,LAC,san-diego-chargers,sdg,hjjmgzxilGWdr,Philadelphia,Eagles,PHI,philadelphia-eagles,phi,A,H,33,30,https://www.pro-football-reference.com/boxscores/201309150phi.htm
closed,2013,2,Sun,2013-09-15,mLspw4gJNTQGN,Atlanta,Falcons,ATL,atlanta-falcons,atl,u98I1lDKQBwZ0,Los Angeles,Rams,LA,st-louis-rams,ram,H,A,31,24,https://www.pro-football-reference.com/boxscores/201309150atl.htm
closed,2013,2,Sun,2013-09-15,1vVmWGzUZ1rea,Chicago,Bears,CHI,chicago-bears,chi,AzOs5UWsXusSW,Minnesota,Vikings,MIN,minnesota-vikings,min,H,A,31,30,https://www.pro-football-reference.com/boxscores/201309150chi.htm
closed,2013,2,Sun,2013-09-15,UI0Ax4HUEXFh6,Houston,Texans,HOU,houston-texans,htx,ltMyRE3yvVUaw,Tennessee,Titans,TEN,tennessee-titans,oti,H,A,30,24,https://www.pro-football-reference.com/boxscores/201309150htx.htm
closed,2013,2,Sun,2013-09-15,GJizlkzQFaqGA,Arizona,Cardinals,ARI,arizona-cardinals,crd,FCuH1wdksA2DQ,Detroit,Lions,DET,detroit-lions,det,H,A,25,21,https://www.pro-football-reference.com/boxscores/201309150crd.htm
closed,2013,2,Sun,2013-09-15,CI5mhfNa0Zqd2,New Orleans,Saints,NO,new-orleans-saints,nor,QMAZH1v922YLu,Tampa Bay,Buccaneers,TB,tampa-bay-buccaneers,tam,A,H,16,14,https://www.pro-football-reference.com/boxscores/201309150tam.htm
closed,2013,2,Sun,2013-09-15,6DclFuycdPaOB,Denver,Broncos,DEN,denver-broncos,den,n8CuHV9wbYCqF,New York,Giants,NYG,new-york-giants,nyg,A,H,41,23,https://www.pro-football-reference.com/boxscores/201309150nyg.htm
closed,2013,2,Sun,2013-09-15,LZoDld8s63xUs,Las Vegas,Raiders,LV,oakland-raiders,rai,RtOjnciWkJPaL,Jacksonville,Jaguars,JAC,jacksonville-jaguars,jax,H,A,19,9,https://www.pro-football-reference.com/boxscores/201309150rai.htm
closed,2013,2,Sun,2013-09-15,4M8AK5p0WXs1N,Seattle,Seahawks,SEA,seattle-seahawks,sea,IwSI92ZDKoazn,San Francisco,49ers,SF,san-francisco-49ers,sfo,H,A,29,3,https://www.pro-football-reference.com/boxscores/201309150sea.htm
closed,2013,2,Mon,2013-09-16,22ZdibiqvfA2D,Cincinnati,Bengals,CIN,cincinnati-bengals,cin,SlVgURDFI7EXX,Pittsburgh,Steelers,PIT,pittsburgh-steelers,pit,H,A,20,10,https://www.pro-football-reference.com/boxscores/201309160cin.htm
closed,2013,3,Thu,2013-09-19,oiGiwWPf0UqMC,Kansas City,Chiefs,KC,kansas-city-chiefs,kan,hjjmgzxilGWdr,Philadelphia,Eagles,PHI,philadelphia-eagles,phi,A,H,26,16,https://www.pro-football-reference.com/boxscores/201309190phi.htm
closed,2013,3,Sun,2013-09-22,KdjU81i7YSFE7,Dallas,Cowboys,DAL,dallas-cowboys,dal,u98I1lDKQBwZ0,Los Angeles,Rams,LA,st-louis-rams,ram,H,A,31,7,https://www.pro-football-reference.com/boxscores/201309220dal.htm
closed,2013,3,Sun,2013-09-22,VkxV91RtzHn65,New England,Patriots,NE,new-england-patriots,nwe,QMAZH1v922YLu,Tampa Bay,Buccaneers,TB,tampa-bay-buccaneers,tam,H,A,23,3,https://www.pro-football-reference.com/boxscores/201309220nwe.htm
closed,2013,3,Sun,2013-09-22,jJBGuksuDJF5L,Carolina,Panthers,CAR,carolina-panthers,car,n8CuHV9wbYCqF,New York,Giants,NYG,new-york-giants,nyg,H,A,38,0,https://www.pro-football-reference.com/boxscores/201309220car.htm
closed,2013,3,Sun,2013-09-22,22ZdibiqvfA2D,Cincinnati,Bengals,CIN,cincinnati-bengals,cin,D5QY6bOxfn8ZL,Green Bay,Packers,GB,green-bay-packers,gnb,H,A,34,30,https://www.pro-football-reference.com/boxscores/201309220cin.htm
closed,2013,3,Sun,2013-09-22,CI5mhfNa0Zqd2,New Orleans,Saints,NO,new-orleans-saints,nor,GJizlkzQFaqGA,Arizona,Cardinals,ARI,arizona-cardinals,crd,H,A,31,7,https://www.pro-football-reference.com/boxscores/201309220nor.htm
closed,2013,3,Sun,2013-09-22,FCuH1wdksA2DQ,Detroit,Lions,DET,detroit-lions,det,9JtBk8kFeaGEs,Washington,Football Team,WAS,washington-redskins,was,A,H,27,20,https://www.pro-football-reference.com/boxscores/201309220was.htm
closed,2013,3,Sun,2013-09-22,zyhFXj1nywrm1,Baltimore,Ravens,BAL,baltimore-ravens,rav,UI0Ax4HUEXFh6,Houston,Texans,HOU,houston-texans,htx,H,A,30,9,https://www.pro-football-reference.com/boxscores/201309220rav.htm
closed,2013,3,Sun,2013-09-22,ltMyRE3yvVUaw,Tennessee,Titans,TEN,tennessee-titans,oti,SjaMbkmeizJD4,Los Angeles,Chargers,LAC,san-diego-chargers,sdg,H,A,20,17,https://www.pro-football-reference.com/boxscores/201309220oti.htm
closed,2013,3,Sun,2013-09-22,IR4gIYmh269EI,Cleveland,Browns,CLE,cleveland-browns,cle,AzOs5UWsXusSW,Minnesota,Vikings,MIN,minnesota-vikings,min,A,H,31,27,https://www.pro-football-reference.com/boxscores/201309220min.htm
closed,2013,3,Sun,2013-09-22,mfbu6O5aMHbJg,Miami,Dolphins,MIA,miami-dolphins,mia,mLspw4gJNTQGN,Atlanta,Falcons,ATL,atlanta-falcons,atl,H,A,27,23,https://www.pro-football-reference.com/boxscores/201309220mia.htm
closed,2013,3,Sun,2013-09-22,mexvMWO2v1hWn,New York,Jets,NYJ,new-york-jets,nyj,3VqeLK0LS9rpw,Buffalo,Bills,BUF,buffalo-bills,buf,H,A,27,20,https://www.pro-football-reference.com/boxscores/201309220nyj.htm
closed,2013,3,Sun,2013-09-22,LJmHetie5VbbO,Indianapolis,Colts,IND,indianapolis-colts,clt,IwSI92ZDKoazn,San Francisco,49ers,SF,san-francisco-49ers,sfo,A,H,27,7,https://www.pro-football-reference.com/boxscores/201309220sfo.htm
closed,2013,3,Sun,2013-09-22,4M8AK5p0WXs1N,Seattle,Seahawks,SEA,seattle-seahawks,sea,RtOjnciWkJPaL,Jacksonville,Jaguars,JAC,jacksonville-jaguars,jax,H,A,45,17,https://www.pro-football-reference.com/boxscores/201309220sea.htm
closed,2013,3,Sun,2013-09-22,1vVmWGzUZ1rea,Chicago,Bears,CHI,chicago-bears,chi,SlVgURDFI7EXX,Pittsburgh,Steelers,PIT,pittsburgh-steelers,pit,A,H,40,23,https://www.pro-football-reference.com/boxscores/201309220pit.htm
closed,2013,3,Mon,2013-09-23,6DclFuycdPaOB,Denver,Broncos,DEN,denver-broncos,den,LZoDld8s63xUs,Las Vegas,Raiders,LV,oakland-raiders,rai,H,A,37,21,https://www.pro-football-reference.com/boxscores/201309230den.htm
closed,2013,4,Thu,2013-09-26,IwSI92ZDKoazn,San Francisco,49ers,SF,san-francisco-49ers,sfo,u98I1lDKQBwZ0,Los Angeles,Rams,LA,st-louis-rams,ram,A,H,35,11,https://www.pro-football-reference.com/boxscores/201309260ram.htm
closed,2013,4,Sun,2013-09-29,3VqeLK0LS9rpw,Buffalo,Bills,BUF,buffalo-bills,buf,zyhFXj1nywrm1,Baltimore,Ravens,BAL,baltimore-ravens,rav,H,A,23,20,https://www.pro-football-reference.com/boxscores/201309290buf.htm
closed,2013,4,Sun,2013-09-29,oiGiwWPf0UqMC,Kansas City,Chiefs,KC,kansas-city-chiefs,kan,n8CuHV9wbYCqF,New York,Giants,NYG,new-york-giants,nyg,H,A,31,7,https://www.pro-football-reference.com/boxscores/201309290kan.htm
closed,2013,4,Sun,2013-09-29,FCuH1wdksA2DQ,Detroit,Lions,DET,detroit-lions,det,1vVmWGzUZ1rea,Chicago,Bears,CHI,chicago-bears,chi,H,A,40,32,https://www.pro-football-reference.com/boxscores/201309290det.htm
closed,2013,4,Sun,2013-09-29,GJizlkzQFaqGA,Arizona,Cardinals,ARI,arizona-cardinals,crd,QMAZH1v922YLu,Tampa Bay,Buccaneers,TB,tampa-bay-buccaneers,tam,A,H,13,10,https://www.pro-football-reference.com/boxscores/201309290tam.htm
closed,2013,4,Sun,2013-09-29,4M8AK5p0WXs1N,Seattle,Seahawks,SEA,seattle-seahawks,sea,UI0Ax4HUEXFh6,Houston,Texans,HOU,houston-texans,htx,A,H,23,20,https://www.pro-football-reference.com/boxscores/201309290htx.htm
closed,2013,4,Sun,2013-09-29,IR4gIYmh269EI,Cleveland,Browns,CLE,cleveland-browns,cle,22ZdibiqvfA2D,Cincinnati,Bengals,CIN,cincinnati-bengals,cin,H,A,17,6,https://www.pro-football-reference.com/boxscores/201309290cle.htm
closed,2013,4,Sun,2013-09-29,LJmHetie5VbbO,Indianapolis,Colts,IND,indianapolis-colts,clt,RtOjnciWkJPaL,Jacksonville,Jaguars,JAC,jacksonville-jaguars,jax,A,H,37,3,https://www.pro-football-reference.com/boxscores/201309290jax.htm
closed,2013,4,Sun,2013-09-29,AzOs5UWsXusSW,Minnesota,Vikings,MIN,minnesota-vikings,min,SlVgURDFI7EXX,Pittsburgh,Steelers,PIT,pittsburgh-steelers,pit,H,A,34,27,https://www.pro-football-reference.com/boxscores/201309290min.htm
closed,2013,4,Sun,2013-09-29,ltMyRE3yvVUaw,Tennessee,Titans,TEN,tennessee-titans,oti,mexvMWO2v1hWn,New York,Jets,NYJ,new-york-jets,nyj,H,A,38,13,https://www.pro-football-reference.com/boxscores/201309290oti.htm
closed,2013,4,Sun,2013-09-29,SjaMbkmeizJD4,Los Angeles,Chargers,LAC,san-diego-chargers,sdg,KdjU81i7YSFE7,Dallas,Cowboys,DAL,dallas-cowboys,dal,H,A,30,21,https://www.pro-football-reference.com/boxscores/201309290sdg.htm
closed,2013,4,Sun,2013-09-29,6DclFuycdPaOB,Denver,Broncos,DEN,denver-broncos,den,hjjmgzxilGWdr,Philadelphia,Eagles,PHI,philadelphia-eagles,phi,H,A,52,20,https://www.pro-football-reference.com/boxscores/201309290den.htm
closed,2013,4,Sun,2013-09-29,9JtBk8kFeaGEs,Washington,Football Team,WAS,washington-redskins,was,LZoDld8s63xUs,Las Vegas,Raiders,LV,oakland-raiders,rai,A,H,24,14,https://www.pro-football-reference.com/boxscores/201309290rai.htm
closed,2013,4,Sun,2013-09-29,VkxV91RtzHn65,New England,Patriots,NE,new-england-patriots,nwe,mLspw4gJNTQGN,Atlanta,Falcons,ATL,atlanta-falcons,atl,A,H,30,23,https://www.pro-football-reference.com/boxscores/201309290atl.htm
closed,2013,4,Mon,2013-09-30,CI5mhfNa0Zqd2,New Orleans,Saints,NO,new-orleans-saints,nor,mfbu6O5aMHbJg,Miami,Dolphins,MIA,miami-dolphins,mia,H,A,38,17,https://www.pro-football-reference.com/boxscores/201309300nor.htm
closed,2013,5,Thu,2013-10-03,IR4gIYmh269EI,Cleveland,Browns,CLE,cleveland-browns,cle,3VqeLK0LS9rpw,Buffalo,Bills,BUF,buffalo-bills,buf,H,A,37,24,https://www.pro-football-reference.com/boxscores/201310030cle.htm
closed,2013,5,Sun,2013-10-06,u98I1lDKQBwZ0,Los Angeles,Rams,LA,st-louis-rams,ram,RtOjnciWkJPaL,Jacksonville,Jaguars,JAC,jacksonville-jaguars,jax,H,A,34,20,https://www.pro-football-reference.com/boxscores/201310060ram.htm
closed,2013,5,Sun,2013-10-06,CI5mhfNa0Zqd2,New Orleans,Saints,NO,new-orleans-saints,nor,1vVmWGzUZ1rea,Chicago,Bears,CHI,chicago-bears,chi,A,H,26,18,https://www.pro-football-reference.com/boxscores/201310060chi.htm
closed,2013,5,Sun,2013-10-06,22ZdibiqvfA2D,Cincinnati,Bengals,CIN,cincinnati-bengals,cin,VkxV91RtzHn65,New England,Patriots,NE,new-england-patriots,nwe,H,A,13,6,https://www.pro-football-reference.com/boxscores/201310060cin.htm
closed,2013,5,Sun,2013-10-06,D5QY6bOxfn8ZL,Green Bay,Packers,GB,green-bay-packers,gnb,FCuH1wdksA2DQ,Detroit,Lions,DET,detroit-lions,det,H,A,22,9,https://www.pro-football-reference.com/boxscores/201310060gnb.htm
closed,2013,5,Sun,2013-10-06,zyhFXj1nywrm1,Baltimore,Ravens,BAL,baltimore-ravens,rav,mfbu6O5aMHbJg,Miami,Dolphins,MIA,miami-dolphins,mia,A,H,26,23,https://www.pro-football-reference.com/boxscores/201310060mia.htm
closed,2013,5,Sun,2013-10-06,hjjmgzxilGWdr,Philadelphia,Eagles,PHI,philadelphia-eagles,phi,n8CuHV9wbYCqF,New York,Giants,NYG,new-york-giants,nyg,A,H,36,21,https://www.pro-football-reference.com/boxscores/201310060nyg.htm
closed,2013,5,Sun,2013-10-06,LJmHetie5VbbO,Indianapolis,Colts,IND,indianapolis-colts,clt,4M8AK5p0WXs1N,Seattle,Seahawks,SEA,seattle-seahawks,sea,H,A,34,28,https://www.pro-football-reference.com/boxscores/201310060clt.htm
closed,2013,5,Sun,2013-10-06,oiGiwWPf0UqMC,Kansas City,Chiefs,KC,kansas-city-chiefs,kan,ltMyRE3yvVUaw,Tennessee,Titans,TEN,tennessee-titans,oti,A,H,26,17,https://www.pro-football-reference.com/boxscores/201310060oti.htm
closed,2013,5,Sun,2013-10-06,GJizlkzQFaqGA,Arizona,Cardinals,ARI,arizona-cardinals,crd,jJBGuksuDJF5L,Carolina,Panthers,CAR,carolina-panthers,car,H,A,22,6,https://www.pro-football-reference.com/boxscores/201310060crd.htm
closed,2013,5,Sun,2013-10-06,6DclFuycdPaOB,Denver,Broncos,DEN,denver-broncos,den,KdjU81i7YSFE7,Dallas,Cowboys,DAL,dallas-cowboys,dal,A,H,51,48,https://www.pro-football-reference.com/boxscores/201310060dal.htm
closed,2013,5,Sun,2013-10-06,IwSI92ZDKoazn,San Francisco,49ers,SF,san-francisco-49ers,sfo,UI0Ax4HUEXFh6,Houston,Texans,HOU,houston-texans,htx,H,A,34,3,https://www.pro-football-reference.com/boxscores/201310060sfo.htm
closed,2013,5,Sun,2013-10-06,LZoDld8s63xUs,Las Vegas,Raiders,LV,oakland-raiders,rai,SjaMbkmeizJD4,Los Angeles,Chargers,LAC,san-diego-chargers,sdg,H,A,27,17,https://www.pro-football-reference.com/boxscores/201310060rai.htm
closed,2013,5,Mon,2013-10-07,mexvMWO2v1hWn,New York,Jets,NYJ,new-york-jets,nyj,mLspw4gJNTQGN,Atlanta,Falcons,ATL,atlanta-falcons,atl,A,H,30,28,https://www.pro-football-reference.com/boxscores/201310070atl.htm
closed,2013,6,Thu,2013-10-10,1vVmWGzUZ1rea,Chicago,Bears,CHI,chicago-bears,chi,n8CuHV9wbYCqF,New York,Giants,NYG,new-york-giants,nyg,H,A,27,21,https://www.pro-football-reference.com/boxscores/201310100chi.htm
closed,2013,6,Sun,2013-10-13,D5QY6bOxfn8ZL,Green Bay,Packers,GB,green-bay-packers,gnb,zyhFXj1nywrm1,Baltimore,Ravens,BAL,baltimore-ravens,rav,A,H,19,17,https://www.pro-football-reference.com/boxscores/201310130rav.htm
closed,2013,6,Sun,2013-10-13,22ZdibiqvfA2D,Cincinnati,Bengals,CIN,cincinnati-bengals,cin,3VqeLK0LS9rpw,Buffalo,Bills,BUF,buffalo-bills,buf,A,H,27,24,https://www.pro-football-reference.com/boxscores/201310130buf.htm
closed,2013,6,Sun,2013-10-13,FCuH1wdksA2DQ,Detroit,Lions,DET,detroit-lions,det,IR4gIYmh269EI,Cleveland,Browns,CLE,cleveland-browns,cle,A,H,31,17,https://www.pro-football-reference.com/boxscores/201310130cle.htm
closed,2013,6,Sun,2013-10-13,oiGiwWPf0UqMC,Kansas City,Chiefs,KC,kansas-city-chiefs,kan,LZoDld8s63xUs,Las Vegas,Raiders,LV,oakland-raiders,rai,H,A,24,7,https://www.pro-football-reference.com/boxscores/201310130kan.htm
closed,2013,6,Sun,2013-10-13,u98I1lDKQBwZ0,Los Angeles,Rams,LA,st-louis-rams,ram,UI0Ax4HUEXFh6,Houston,Texans,HOU,houston-texans,htx,A,H,38,13,https://www.pro-football-reference.com/boxscores/201310130htx.htm
closed,2013,6,Sun,2013-10-13,SlVgURDFI7EXX,Pittsburgh,Steelers,PIT,pittsburgh-steelers,pit,mexvMWO2v1hWn,New York,Jets,NYJ,new-york-jets,nyj,A,H,19,6,https://www.pro-football-reference.com/boxscores/201310130nyj.htm
closed,2013,6,Sun,2013-10-13,hjjmgzxilGWdr,Philadelphia,Eagles,PHI,philadelphia-eagles,phi,QMAZH1v922YLu,Tampa Bay,Buccaneers,TB,tampa-bay-buccaneers,tam,A,H,31,20,https://www.pro-football-reference.com/boxscores/201310130tam.htm
closed,2013,6,Sun,2013-10-13,jJBGuksuDJF5L,Carolina,Panthers,CAR,carolina-panthers,car,AzOs5UWsXusSW,Minnesota,Vikings,MIN,minnesota-vikings,min,A,H,35,10,https://www.pro-football-reference.com/boxscores/201310130min.htm
closed,2013,6,Sun,2013-10-13,6DclFuycdPaOB,Denver,Broncos,DEN,denver-broncos,den,RtOjnciWkJPaL,Jacksonville,Jaguars,JAC,jacksonville-jaguars,jax,H,A,35,19,https://www.pro-football-reference.com/boxscores/201310130den.htm
closed,2013,6,Sun,2013-10-13,4M8AK5p0WXs1N,Seattle,Seahawks,SEA,seattle-seahawks,sea,ltMyRE3yvVUaw,Tennessee,Titans,TEN,tennessee-titans,oti,H,A,20,13,https://www.pro-football-reference.com/boxscores/201310130sea.htm
closed,2013,6,Sun,2013-10-13,IwSI92ZDKoazn,San Francisco,49ers,SF,san-francisco-49ers,sfo,GJizlkzQFaqGA,Arizona,Cardinals,ARI,arizona-cardinals,crd,H,A,32,20,https://www.pro-football-reference.com/boxscores/201310130sfo.htm
closed,2013,6,Sun,2013-10-13,VkxV91RtzHn65,New England,Patriots,NE,new-england-patriots,nwe,CI5mhfNa0Zqd2,New Orleans,Saints,NO,new-orleans-saints,nor,H,A,30,27,https://www.pro-football-reference.com/boxscores/201310130nwe.htm
closed,2013,6,Sun,2013-10-13,KdjU81i7YSFE7,Dallas,Cowboys,DAL,dallas-cowboys,dal,9JtBk8kFeaGEs,Washington,Football Team,WAS,washington-redskins,was,H,A,31,16,https://www.pro-football-reference.com/boxscores/201310130dal.htm
closed,2013,6,Mon,2013-10-14,SjaMbkmeizJD4,Los Angeles,Chargers,LAC,san-diego-chargers,sdg,LJmHetie5VbbO,Indianapolis,Colts,IND,indianapolis-colts,clt,H,A,19,9,https://www.pro-football-reference.com/boxscores/201310140sdg.htm
closed,2013,7,Thu,2013-10-17,4M8AK5p0WXs1N,Seattle,Seahawks,SEA,seattle-seahawks,sea,GJizlkzQFaqGA,Arizona,Cardinals,ARI,arizona-cardinals,crd,A,H,34,22,https://www.pro-football-reference.com/boxscores/201310170crd.htm
closed,2013,7,Sun,2013-10-20,mLspw4gJNTQGN,Atlanta,Falcons,ATL,atlanta-falcons,atl,QMAZH1v922YLu,Tampa Bay,Buccaneers,TB,tampa-bay-buccaneers,tam,H,A,31,23,https://www.pro-football-reference.com/boxscores/201310200atl.htm
closed,2013,7,Sun,2013-10-20,3VqeLK0LS9rpw,Buffalo,Bills,BUF,buffalo-bills,buf,mfbu6O5aMHbJg,Miami,Dolphins,MIA,miami-dolphins,mia,A,H,23,21,https://www.pro-football-reference.com/boxscores/201310200mia.htm
closed,2013,7,Sun,2013-10-20,22ZdibiqvfA2D,Cincinnati,Bengals,CIN,cincinnati-bengals,cin,FCuH1wdksA2DQ,Detroit,Lions,DET,detroit-lions,det,A,H,27,24,https://www.pro-football-reference.com/boxscores/201310200det.htm
closed,2013,7,Sun,2013-10-20,KdjU81i7YSFE7,Dallas,Cowboys,DAL,dallas-cowboys,dal,hjjmgzxilGWdr,Philadelphia,Eagles,PHI,philadelphia-eagles,phi,A,H,17,3,https://www.pro-football-reference.com/boxscores/201310200phi.htm
closed,2013,7,Sun,2013-10-20,SjaMbkmeizJD4,Los Angeles,Chargers,LAC,san-diego-chargers,sdg,RtOjnciWkJPaL,Jacksonville,Jaguars,JAC,jacksonville-jaguars,jax,A,H,24,6,https://www.pro-football-reference.com/boxscores/201310200jax.htm
closed,2013,7,Sun,2013-10-20,jJBGuksuDJF5L,Carolina,Panthers,CAR,carolina-panthers,car,u98I1lDKQBwZ0,Los Angeles,Rams,LA,st-louis-rams,ram,H,A,30,15,https://www.pro-football-reference.com/boxscores/201310200car.htm
closed,2013,7,Sun,2013-10-20,mexvMWO2v1hWn,New York,Jets,NYJ,new-york-jets,nyj,VkxV91RtzHn65,New England,Patriots,NE,new-england-patriots,nwe,H,A,30,27,https://www.pro-football-reference.com/boxscores/201310200nyj.htm
closed,2013,7,Sun,2013-10-20,9JtBk8kFeaGEs,Washington,Football Team,WAS,washington-redskins,was,1vVmWGzUZ1rea,Chicago,Bears,CHI,chicago-bears,chi,H,A,45,41,https://www.pro-football-reference.com/boxscores/201310200was.htm
closed,2013,7,Sun,2013-10-20,IwSI92ZDKoazn,San Francisco,49ers,SF,san-francisco-49ers,sfo,ltMyRE3yvVUaw,Tennessee,Titans,TEN,tennessee-titans,oti,A,H,31,17,https://www.pro-football-reference.com/boxscores/201310200oti.htm
closed,2013,7,Sun,2013-10-20,SlVgURDFI7EXX,Pittsburgh,Steelers,PIT,pittsburgh-steelers,pit,zyhFXj1nywrm1,Baltimore,Ravens,BAL,baltimore-ravens,rav,H,A,19,16,https://www.pro-football-reference.com/boxscores/201310200pit.htm
closed,2013,7,Sun,2013-10-20,D5QY6bOxfn8ZL,Green Bay,Packers,GB,green-bay-packers,gnb,IR4gIYmh269EI,Cleveland,Browns,CLE,cleveland-browns,cle,H,A,31,13,https://www.pro-football-reference.com/boxscores/201310200gnb.htm
closed,2013,7,Sun,2013-10-20,oiGiwWPf0UqMC,Kansas City,Chiefs,KC,kansas-city-chiefs,kan,UI0Ax4HUEXFh6,Houston,Texans,HOU,houston-texans,htx,H,A,17,16,https://www.pro-football-reference.com/boxscores/201310200kan.htm
closed,2013,7,Sun,2013-10-20,LJmHetie5VbbO,Indianapolis,Colts,IND,indianapolis-colts,clt,6DclFuycdPaOB,Denver,Broncos,DEN,denver-broncos,den,H,A,39,33,https://www.pro-football-reference.com/boxscores/201310200clt.htm
closed,2013,7,Mon,2013-10-21,n8CuHV9wbYCqF,New York,Giants,NYG,new-york-giants,nyg,AzOs5UWsXusSW,Minnesota,Vikings,MIN,minnesota-vikings,min,H,A,23,7,https://www.pro-football-reference.com/boxscores/201310210nyg.htm
closed,2013,8,Thu,2013-10-24,jJBGuksuDJF5L,Carolina,Panthers,CAR,carolina-panthers,car,QMAZH1v922YLu,Tampa Bay,Buccaneers,TB,tampa-bay-buccaneers,tam,A,H,31,13,https://www.pro-football-reference.com/boxscores/201310240tam.htm
closed,2013,8,Sun,2013-10-27,VkxV91RtzHn65,New England,Patriots,NE,new-england-patriots,nwe,mfbu6O5aMHbJg,Miami,Dolphins,MIA,miami-dolphins,mia,H,A,27,17,https://www.pro-football-reference.com/boxscores/201310270nwe.htm
closed,2013,8,Sun,2013-10-27,CI5mhfNa0Zqd2,New Orleans,Saints,NO,new-orleans-saints,nor,3VqeLK0LS9rpw,Buffalo,Bills,BUF,buffalo-bills,buf,H,A,35,17,https://www.pro-football-reference.com/boxscores/201310270nor.htm
closed,2013,8,Sun,2013-10-27,oiGiwWPf0UqMC,Kansas City,Chiefs,KC,kansas-city-chiefs,kan,IR4gIYmh269EI,Cleveland,Browns,CLE,cleveland-browns,cle,H,A,23,17,https://www.pro-football-reference.com/boxscores/201310270kan.htm
closed,2013,8,Sun,2013-10-27,n8CuHV9wbYCqF,New York,Giants,NYG,new-york-giants,nyg,hjjmgzxilGWdr,Philadelphia,Eagles,PHI,philadelphia-eagles,phi,A,H,15,7,https://www.pro-football-reference.com/boxscores/201310270phi.htm
closed,2013,8,Sun,2013-10-27,FCuH1wdksA2DQ,Detroit,Lions,DET,detroit-lions,det,KdjU81i7YSFE7,Dallas,Cowboys,DAL,dallas-cowboys,dal,H,A,31,30,https://www.pro-football-reference.com/boxscores/201310270det.htm
closed,2013,8,Sun,2013-10-27,IwSI92ZDKoazn,San Francisco,49ers,SF,san-francisco-49ers,sfo,RtOjnciWkJPaL,Jacksonville,Jaguars,JAC,jacksonville-jaguars,jax,A,H,42,10,https://www.pro-football-reference.com/boxscores/201310270jax.htm
closed,2013,8,Sun,2013-10-27,LZoDld8s63xUs,Las Vegas,Raiders,LV,oakland-raiders,rai,SlVgURDFI7EXX,Pittsburgh,Steelers,PIT,pittsburgh-steelers,pit,H,A,21,18,https://www.pro-football-reference.com/boxscores/201310270rai.htm
closed,2013,8,Sun,2013-10-27,22ZdibiqvfA2D,Cincinnati,Bengals,CIN,cincinnati-bengals,cin,mexvMWO2v1hWn,New York,Jets,NYJ,new-york-jets,nyj,H,A,49,9,https://www.pro-football-reference.com/boxscores/201310270cin.htm
closed,2013,8,Sun,2013-10-27,GJizlkzQFaqGA,Arizona,Cardinals,ARI,arizona-cardinals,crd,mLspw4gJNTQGN,Atlanta,Falcons,ATL,atlanta-falcons,atl,H,A,27,13,https://www.pro-football-reference.com/boxscores/201310270crd.htm
closed,2013,8,Sun,2013-10-27,6DclFuycdPaOB,Denver,Broncos,DEN,denver-broncos,den,9JtBk8kFeaGEs,Washington,Football Team,WAS,washington-redskins,was,H,A,45,21,https://www.pro-football-reference.com/boxscores/201310270den.htm
closed,2013,8,Sun,2013-10-27,D5QY6bOxfn8ZL,Green Bay,Packers,GB,green-bay-packers,gnb,AzOs5UWsXusSW,Minnesota,Vikings,MIN,minnesota-vikings,min,A,H,44,31,https://www.pro-football-reference.com/boxscores/201310270min.htm
closed,2013,8,Mon,2013-10-28,4M8AK5p0WXs1N,Seattle,Seahawks,SEA,seattle-seahawks,sea,u98I1lDKQBwZ0,Los Angeles,Rams,LA,st-louis-rams,ram,A,H,14,9,https://www.pro-football-reference.com/boxscores/201310280ram.htm
closed,2013,9,Thu,2013-10-31,mfbu6O5aMHbJg,Miami,Dolphins,MIA,miami-dolphins,mia,22ZdibiqvfA2D,Cincinnati,Bengals,CIN,cincinnati-bengals,cin,H,A,22,20,https://www.pro-football-reference.com/boxscores/201310310mia.htm
closed,2013,9,Sun,2013-11-03,ltMyRE3yvVUaw,Tennessee,Titans,TEN,tennessee-titans,oti,u98I1lDKQBwZ0,Los Angeles,Rams,LA,st-louis-rams,ram,A,H,28,21,https://www.pro-football-reference.com/boxscores/201311030ram.htm
closed,2013,9,Sun,2013-11-03,oiGiwWPf0UqMC,Kansas City,Chiefs,KC,kansas-city-chiefs,kan,3VqeLK0LS9rpw,Buffalo,Bills,BUF,buffalo-bills,buf,A,H,23,13,https://www.pro-football-reference.com/boxscores/201311030buf.htm
closed,2013,9,Sun,2013-11-03,jJBGuksuDJF5L,Carolina,Panthers,CAR,carolina-panthers,car,mLspw4gJNTQGN,Atlanta,Falcons,ATL,atlanta-falcons,atl,H,A,34,10,https://www.pro-football-reference.com/boxscores/201311030car.htm
closed,2013,9,Sun,2013-11-03,9JtBk8kFeaGEs,Washington,Football Team,WAS,washington-redskins,was,SjaMbkmeizJD4,Los Angeles,Chargers,LAC,san-diego-chargers,sdg,H,A,30,24,https://www.pro-football-reference.com/boxscores/201311030was.htm
closed,2013,9,Sun,2013-11-03,KdjU81i7YSFE7,Dallas,Cowboys,DAL,dallas-cowboys,dal,AzOs5UWsXusSW,Minnesota,Vikings,MIN,minnesota-vikings,min,H,A,27,23,https://www.pro-football-reference.com/boxscores/201311030dal.htm
closed,2013,9,Sun,2013-11-03,mexvMWO2v1hWn,New York,Jets,NYJ,new-york-jets,nyj,CI5mhfNa0Zqd2,New Orleans,Saints,NO,new-orleans-saints,nor,H,A,26,20,https://www.pro-football-reference.com/boxscores/201311030nyj.htm
closed,2013,9,Sun,2013-11-03,hjjmgzxilGWdr,Philadelphia,Eagles,PHI,philadelphia-eagles,phi,LZoDld8s63xUs,Las Vegas,Raiders,LV,oakland-raiders,rai,A,H,49,20,https://www.pro-football-reference.com/boxscores/201311030rai.htm
closed,2013,9,Sun,2013-11-03,4M8AK5p0WXs1N,Seattle,Seahawks,SEA,seattle-seahawks,sea,QMAZH1v922YLu,Tampa Bay,Buccaneers,TB,tampa-bay-buccaneers,tam,H,A,27,24,https://www.pro-football-reference.com/boxscores/201311030sea.htm
closed,2013,9,Sun,2013-11-03,IR4gIYmh269EI,Cleveland,Browns,CLE,cleveland-browns,cle,zyhFXj1nywrm1,Baltimore,Ravens,BAL,baltimore-ravens,rav,H,A,24,18,https://www.pro-football-reference.com/boxscores/201311030cle.htm
closed,2013,9,Sun,2013-11-03,VkxV91RtzHn65,New England,Patriots,NE,new-england-patriots,nwe,SlVgURDFI7EXX,Pittsburgh,Steelers,PIT,pittsburgh-steelers,pit,H,A,55,31,https://www.pro-football-reference.com/boxscores/201311030nwe.htm
closed,2013,9,Sun,2013-11-03,LJmHetie5VbbO,Indianapolis,Colts,IND,indianapolis-colts,clt,UI0Ax4HUEXFh6,Houston,Texans,HOU,houston-texans,htx,A,H,27,24,https://www.pro-football-reference.com/boxscores/201311030htx.htm
closed,2013,9,Mon,2013-11-04,1vVmWGzUZ1rea,Chicago,Bears,CHI,chicago-bears,chi,D5QY6bOxfn8ZL,Green Bay,Packers,GB,green-bay-packers,gnb,A,H,27,20,https://www.pro-football-reference.com/boxscores/201311040gnb.htm
closed,2013,10,Thu,2013-11-07,AzOs5UWsXusSW,Minnesota,Vikings,MIN,minnesota-vikings,min,9JtBk8kFeaGEs,Washington,Football Team,WAS,washington-redskins,was,H,A,34,27,https://www.pro-football-reference.com/boxscores/201311070min.htm
closed,2013,10,Sun,2013-11-10,hjjmgzxilGWdr,Philadelphia,Eagles,PHI,philadelphia-eagles,phi,D5QY6bOxfn8ZL,Green Bay,Packers,GB,green-bay-packers,gnb,A,H,27,13,https://www.pro-football-reference.com/boxscores/201311100gnb.htm
closed,2013,10,Sun,2013-11-10,RtOjnciWkJPaL,Jacksonville,Jaguars,JAC,jacksonville-jaguars,jax,ltMyRE3yvVUaw,Tennessee,Titans,TEN,tennessee-titans,oti,A,H,29,27,https://www.pro-football-reference.com/boxscores/201311100oti.htm
closed,2013,10,Sun,2013-11-10,SlVgURDFI7EXX,Pittsburgh,Steelers,PIT,pittsburgh-steelers,pit,3VqeLK0LS9rpw,Buffalo,Bills,BUF,buffalo-bills,buf,H,A,23,10,https://www.pro-football-reference.com/boxscores/201311100pit.htm
closed,2013,10,Sun,2013-11-10,zyhFXj1nywrm1,Baltimore,Ravens,BAL,baltimore-ravens,rav,22ZdibiqvfA2D,Cincinnati,Bengals,CIN,cincinnati-bengals,cin,H,A,20,17,https://www.pro-football-reference.com/boxscores/201311100rav.htm
closed,2013,10,Sun,2013-11-10,4M8AK5p0WXs1N,Seattle,Seahawks,SEA,seattle-seahawks,sea,mLspw4gJNTQGN,Atlanta,Falcons,ATL,atlanta-falcons,atl,A,H,33,10,https://www.pro-football-reference.com/boxscores/201311100atl.htm
closed,2013,10,Sun,2013-11-10,FCuH1wdksA2DQ,Detroit,Lions,DET,detroit-lions,det,1vVmWGzUZ1rea,Chicago,Bears,CHI,chicago-bears,chi,A,H,21,19,https://www.pro-football-reference.com/boxscores/201311100chi.htm
closed,2013,10,Sun,2013-11-10,u98I1lDKQBwZ0,Los Angeles,Rams,LA,st-louis-rams,ram,LJmHetie5VbbO,Indianapolis,Colts,IND,indianapolis-colts,clt,A,H,38,8,https://www.pro-football-reference.com/boxscores/201311100clt.htm
closed,2013,10,Sun,2013-11-10,n8CuHV9wbYCqF,New York,Giants,NYG,new-york-giants,nyg,LZoDld8s63xUs,Las Vegas,Raiders,LV,oakland-raiders,rai,H,A,24,20,https://www.pro-football-reference.com/boxscores/201311100nyg.htm
closed,2013,10,Sun,2013-11-10,jJBGuksuDJF5L,Carolina,Panthers,CAR,carolina-panthers,car,IwSI92ZDKoazn,San Francisco,49ers,SF,san-francisco-49ers,sfo,A,H,10,9,https://www.pro-football-reference.com/boxscores/201311100sfo.htm
closed,2013,10,Sun,2013-11-10,GJizlkzQFaqGA,Arizona,Cardinals,ARI,arizona-cardinals,crd,UI0Ax4HUEXFh6,Houston,Texans,HOU,houston-texans,htx,H,A,27,24,https://www.pro-football-reference.com/boxscores/201311100crd.htm
closed,2013,10,Sun,2013-11-10,6DclFuycdPaOB,Denver,Broncos,DEN,denver-broncos,den,SjaMbkmeizJD4,Los Angeles,Chargers,LAC,san-diego-chargers,sdg,A,H,28,20,https://www.pro-football-reference.com/boxscores/201311100sdg.htm
closed,2013,10,Sun,2013-11-10,CI5mhfNa0Zqd2,New Orleans,Saints,NO,new-orleans-saints,nor,KdjU81i7YSFE7,Dallas,Cowboys,DAL,dallas-cowboys,dal,H,A,49,17,https://www.pro-football-reference.com/boxscores/201311100nor.htm
closed,2013,10,Mon,2013-11-11,QMAZH1v922YLu,Tampa Bay,Buccaneers,TB,tampa-bay-buccaneers,tam,mfbu6O5aMHbJg,Miami,Dolphins,MIA,miami-dolphins,mia,H,A,22,19,https://www.pro-football-reference.com/boxscores/201311110tam.htm
closed,2013,11,Thu,2013-11-14,LJmHetie5VbbO,Indianapolis,Colts,IND,indianapolis-colts,clt,ltMyRE3yvVUaw,Tennessee,Titans,TEN,tennessee-titans,oti,A,H,30,27,https://www.pro-football-reference.com/boxscores/201311140oti.htm
closed,2013,11,Sun,2013-11-17,1vVmWGzUZ1rea,Chicago,Bears,CHI,chicago-bears,chi,zyhFXj1nywrm1,Baltimore,Ravens,BAL,baltimore-ravens,rav,H,A,23,20,https://www.pro-football-reference.com/boxscores/201311170chi.htm
closed,2013,11,Sun,2013-11-17,SlVgURDFI7EXX,Pittsburgh,Steelers,PIT,pittsburgh-steelers,pit,FCuH1wdksA2DQ,Detroit,Lions,DET,detroit-lions,det,H,A,37,27,https://www.pro-football-reference.com/boxscores/201311170pit.htm
closed,2013,11,Sun,2013-11-17,3VqeLK0LS9rpw,Buffalo,Bills,BUF,buffalo-bills,buf,mexvMWO2v1hWn,New York,Jets,NYJ,new-york-jets,nyj,H,A,37,14,https://www.pro-football-reference.com/boxscores/201311170buf.htm
closed,2013,11,Sun,2013-11-17,22ZdibiqvfA2D,Cincinnati,Bengals,CIN,cincinnati-bengals,cin,IR4gIYmh269EI,Cleveland,Browns,CLE,cleveland-browns,cle,H,A,41,20,https://www.pro-football-reference.com/boxscores/201311170cin.htm
closed,2013,11,Sun,2013-11-17,hjjmgzxilGWdr,Philadelphia,Eagles,PHI,philadelphia-eagles,phi,9JtBk8kFeaGEs,Washington,Football Team,WAS,washington-redskins,was,H,A,24,16,https://www.pro-football-reference.com/boxscores/201311170phi.htm
closed,2013,11,Sun,2013-11-17,QMAZH1v922YLu,Tampa Bay,Buccaneers,TB,tampa-bay-buccaneers,tam,mLspw4gJNTQGN,Atlanta,Falcons,ATL,atlanta-falcons,atl,H,A,41,28,https://www.pro-football-reference.com/boxscores/201311170tam.htm
closed,2013,11,Sun,2013-11-17,LZoDld8s63xUs,Las Vegas,Raiders,LV,oakland-raiders,rai,UI0Ax4HUEXFh6,Houston,Texans,HOU,houston-texans,htx,A,H,28,23,https://www.pro-football-reference.com/boxscores/201311170htx.htm
closed,2013,11,Sun,2013-11-17,GJizlkzQFaqGA,Arizona,Cardinals,ARI,arizona-cardinals,crd,RtOjnciWkJPaL,Jacksonville,Jaguars,JAC,jacksonville-jaguars,jax,A,H,27,14,https://www.pro-football-reference.com/boxscores/201311170jax.htm
closed,2013,11,Sun,2013-11-17,mfbu6O5aMHbJg,Miami,Dolphins,MIA,miami-dolphins,mia,SjaMbkmeizJD4,Los Angeles,Chargers,LAC,san-diego-chargers,sdg,H,A,20,16,https://www.pro-football-reference.com/boxscores/201311170mia.htm
closed,2013,11,Sun,2013-11-17,n8CuHV9wbYCqF,New York,Giants,NYG,new-york-giants,nyg,D5QY6bOxfn8ZL,Green Bay,Packers,GB,green-bay-packers,gnb,H,A,27,13,https://www.pro-football-reference.com/boxscores/201311170nyg.htm
closed,2013,11,Sun,2013-11-17,CI5mhfNa0Zqd2,New Orleans,Saints,NO,new-orleans-saints,nor,IwSI92ZDKoazn,San Francisco,49ers,SF,san-francisco-49ers,sfo,H,A,23,20,https://www.pro-football-reference.com/boxscores/201311170nor.htm
closed,2013,11,Sun,2013-11-17,4M8AK5p0WXs1N,Seattle,Seahawks,SEA,seattle-seahawks,sea,AzOs5UWsXusSW,Minnesota,Vikings,MIN,minnesota-vikings,min,H,A,41,20,https://www.pro-football-reference.com/boxscores/201311170sea.htm
closed,2013,11,Sun,2013-11-17,6DclFuycdPaOB,Denver,Broncos,DEN,denver-broncos,den,oiGiwWPf0UqMC,Kansas City,Chiefs,KC,kansas-city-chiefs,kan,H,A,27,17,https://www.pro-football-reference.com/boxscores/201311170den.htm
closed,2013,11,Mon,2013-11-18,jJBGuksuDJF5L,Carolina,Panthers,CAR,carolina-panthers,car,VkxV91RtzHn65,New England,Patriots,NE,new-england-patriots,nwe,H,A,24,20,https://www.pro-football-reference.com/boxscores/201311180car.htm
closed,2013,12,Thu,2013-11-21,CI5mhfNa0Zqd2,New Orleans,Saints,NO,new-orleans-saints,nor,mLspw4gJNTQGN,Atlanta,Falcons,ATL,atlanta-falcons,atl,A,H,17,13,https://www.pro-football-reference.com/boxscores/201311210atl.htm
closed,2013,12,Sun,2013-11-24,u98I1lDKQBwZ0,Los Angeles,Rams,LA,st-louis-rams,ram,1vVmWGzUZ1rea,Chicago,Bears,CHI,chicago-bears,chi,H,A,42,21,https://www.pro-football-reference.com/boxscores/201311240ram.htm
closed,2013,12,Sun,2013-11-24,AzOs5UWsXusSW,Minnesota,Vikings,MIN,minnesota-vikings,min,D5QY6bOxfn8ZL,Green Bay,Packers,GB,green-bay-packers,gnb,A,H,26,26,https://www.pro-football-reference.com/boxscores/201311240gnb.htm
closed,2013,12,Sun,2013-11-24,RtOjnciWkJPaL,Jacksonville,Jaguars,JAC,jacksonville-jaguars,jax,UI0Ax4HUEXFh6,Houston,Texans,HOU,houston-texans,htx,A,H,13,6,https://www.pro-football-reference.com/boxscores/201311240htx.htm
closed,2013,12,Sun,2013-11-24,zyhFXj1nywrm1,Baltimore,Ravens,BAL,baltimore-ravens,rav,mexvMWO2v1hWn,New York,Jets,NYJ,new-york-jets,nyj,H,A,19,3,https://www.pro-football-reference.com/boxscores/201311240rav.htm
closed,2013,12,Sun,2013-11-24,jJBGuksuDJF5L,Carolina,Panthers,CAR,carolina-panthers,car,mfbu6O5aMHbJg,Miami,Dolphins,MIA,miami-dolphins,mia,A,H,20,16,https://www.pro-football-reference.com/boxscores/201311240mia.htm
closed,2013,12,Sun,2013-11-24,SlVgURDFI7EXX,Pittsburgh,Steelers,PIT,pittsburgh-steelers,pit,IR4gIYmh269EI,Cleveland,Browns,CLE,cleveland-browns,cle,A,H,27,11,https://www.pro-football-reference.com/boxscores/201311240cle.htm
closed,2013,12,Sun,2013-11-24,QMAZH1v922YLu,Tampa Bay,Buccaneers,TB,tampa-bay-buccaneers,tam,FCuH1wdksA2DQ,Detroit,Lions,DET,detroit-lions,det,A,H,24,21,https://www.pro-football-reference.com/boxscores/201311240det.htm
closed,2013,12,Sun,2013-11-24,SjaMbkmeizJD4,Los Angeles,Chargers,LAC,san-diego-chargers,sdg,oiGiwWPf0UqMC,Kansas City,Chiefs,KC,kansas-city-chiefs,kan,A,H,41,38,https://www.pro-football-reference.com/boxscores/201311240kan.htm
closed,2013,12,Sun,2013-11-24,GJizlkzQFaqGA,Arizona,Cardinals,ARI,arizona-cardinals,crd,LJmHetie5VbbO,Indianapolis,Colts,IND,indianapolis-colts,clt,H,A,40,11,https://www.pro-football-reference.com/boxscores/201311240crd.htm
closed,2013,12,Sun,2013-11-24,ltMyRE3yvVUaw,Tennessee,Titans,TEN,tennessee-titans,oti,LZoDld8s63xUs,Las Vegas,Raiders,LV,oakland-raiders,rai,A,H,23,19,https://www.pro-football-reference.com/boxscores/201311240rai.htm
closed,2013,12,Sun,2013-11-24,KdjU81i7YSFE7,Dallas,Cowboys,DAL,dallas-cowboys,dal,n8CuHV9wbYCqF,New York,Giants,NYG,new-york-giants,nyg,A,H,24,21,https://www.pro-football-reference.com/boxscores/201311240nyg.htm
closed,2013,12,Sun,2013-11-24,VkxV91RtzHn65,New England,Patriots,NE,new-england-patriots,nwe,6DclFuycdPaOB,Denver,Broncos,DEN,denver-broncos,den,H,A,34,31,https://www.pro-football-reference.com/boxscores/201311240nwe.htm
closed,2013,12,Mon,2013-11-25,IwSI92ZDKoazn,San Francisco,49ers,SF,san-francisco-49ers,sfo,9JtBk8kFeaGEs,Washington,Football Team,WAS,washington-redskins,was,A,H,27,6,https://www.pro-football-reference.com/boxscores/201311250was.htm
closed,2013,13,Thu,2013-11-28,FCuH1wdksA2DQ,Detroit,Lions,DET,detroit-lions,det,D5QY6bOxfn8ZL,Green Bay,Packers,GB,green-bay-packers,gnb,H,A,40,10,https://www.pro-football-reference.com/boxscores/201311280det.htm
closed,2013,13,Thu,2013-11-28,KdjU81i7YSFE7,Dallas,Cowboys,DAL,dallas-cowboys,dal,LZoDld8s63xUs,Las Vegas,Raiders,LV,oakland-raiders,rai,H,A,31,24,https://www.pro-football-reference.com/boxscores/201311280dal.htm
closed,2013,13,Thu,2013-11-28,zyhFXj1nywrm1,Baltimore,Ravens,BAL,baltimore-ravens,rav,SlVgURDFI7EXX,Pittsburgh,Steelers,PIT,pittsburgh-steelers,pit,H,A,22,20,https://www.pro-football-reference.com/boxscores/201311280rav.htm
closed,2013,13,Sun,2013-12-01,RtOjnciWkJPaL,Jacksonville,Jaguars,JAC,jacksonville-jaguars,jax,IR4gIYmh269EI,Cleveland,Browns,CLE,cleveland-browns,cle,A,H,32,28,https://www.pro-football-reference.com/boxscores/201312010cle.htm
closed,2013,13,Sun,2013-12-01,LJmHetie5VbbO,Indianapolis,Colts,IND,indianapolis-colts,clt,ltMyRE3yvVUaw,Tennessee,Titans,TEN,tennessee-titans,oti,H,A,22,14,https://www.pro-football-reference.com/boxscores/201312010clt.htm
closed,2013,13,Sun,2013-12-01,hjjmgzxilGWdr,Philadelphia,Eagles,PHI,philadelphia-eagles,phi,GJizlkzQFaqGA,Arizona,Cardinals,ARI,arizona-cardinals,crd,H,A,24,21,https://www.pro-football-reference.com/boxscores/201312010phi.htm
closed,2013,13,Sun,2013-12-01,VkxV91RtzHn65,New England,Patriots,NE,new-england-patriots,nwe,UI0Ax4HUEXFh6,Houston,Texans,HOU,houston-texans,htx,A,H,34,31,https://www.pro-football-reference.com/boxscores/201312010htx.htm
closed,2013,13,Sun,2013-12-01,mfbu6O5aMHbJg,Miami,Dolphins,MIA,miami-dolphins,mia,mexvMWO2v1hWn,New York,Jets,NYJ,new-york-jets,nyj,A,H,23,3,https://www.pro-football-reference.com/boxscores/201312010nyj.htm
closed,2013,13,Sun,2013-12-01,jJBGuksuDJF5L,Carolina,Panthers,CAR,carolina-panthers,car,QMAZH1v922YLu,Tampa Bay,Buccaneers,TB,tampa-bay-buccaneers,tam,H,A,27,6,https://www.pro-football-reference.com/boxscores/201312010car.htm
closed,2013,13,Sun,2013-12-01,AzOs5UWsXusSW,Minnesota,Vikings,MIN,minnesota-vikings,min,1vVmWGzUZ1rea,Chicago,Bears,CHI,chicago-bears,chi,H,A,23,20,https://www.pro-football-reference.com/boxscores/201312010min.htm
closed,2013,13,Sun,2013-12-01,mLspw4gJNTQGN,Atlanta,Falcons,ATL,atlanta-falcons,atl,3VqeLK0LS9rpw,Buffalo,Bills,BUF,buffalo-bills,buf,A,H,34,31,https://www.pro-football-reference.com/boxscores/201312010buf.htm
closed,2013,13,Sun,2013-12-01,IwSI92ZDKoazn,San Francisco,49ers,SF,san-francisco-49ers,sfo,u98I1lDKQBwZ0,Los Angeles,Rams,LA,st-louis-rams,ram,H,A,23,13,https://www.pro-football-reference.com/boxscores/201312010sfo.htm
closed,2013,13,Sun,2013-12-01,22ZdibiqvfA2D,Cincinnati,Bengals,CIN,cincinnati-bengals,cin,SjaMbkmeizJD4,Los Angeles,Chargers,LAC,san-diego-chargers,sdg,A,H,17,10,https://www.pro-football-reference.com/boxscores/201312010sdg.htm
closed,2013,13,Sun,2013-12-01,6DclFuycdPaOB,Denver,Broncos,DEN,denver-broncos,den,oiGiwWPf0UqMC,Kansas City,Chiefs,KC,kansas-city-chiefs,kan,A,H,35,28,https://www.pro-football-reference.com/boxscores/201312010kan.htm
closed,2013,13,Sun,2013-12-01,n8CuHV9wbYCqF,New York,Giants,NYG,new-york-giants,nyg,9JtBk8kFeaGEs,Washington,Football Team,WAS,washington-redskins,was,A,H,24,17,https://www.pro-football-reference.com/boxscores/201312010was.htm
closed,2013,13,Mon,2013-12-02,4M8AK5p0WXs1N,Seattle,Seahawks,SEA,seattle-seahawks,sea,CI5mhfNa0Zqd2,New Orleans,Saints,NO,new-orleans-saints,nor,H,A,34,7,https://www.pro-football-reference.com/boxscores/201312020sea.htm
closed,2013,14,Thu,2013-12-05,RtOjnciWkJPaL,Jacksonville,Jaguars,JAC,jacksonville-jaguars,jax,UI0Ax4HUEXFh6,Houston,Texans,HOU,houston-texans,htx,H,A,27,20,https://www.pro-football-reference.com/boxscores/201312050jax.htm
closed,2013,14,Sun,2013-12-08,D5QY6bOxfn8ZL,Green Bay,Packers,GB,green-bay-packers,gnb,mLspw4gJNTQGN,Atlanta,Falcons,ATL,atlanta-falcons,atl,H,A,22,21,https://www.pro-football-reference.com/boxscores/201312080gnb.htm
closed,2013,14,Sun,2013-12-08,QMAZH1v922YLu,Tampa Bay,Buccaneers,TB,tampa-bay-buccaneers,tam,3VqeLK0LS9rpw,Buffalo,Bills,BUF,buffalo-bills,buf,H,A,27,6,https://www.pro-football-reference.com/boxscores/201312080tam.htm
closed,2013,14,Sun,2013-12-08,22ZdibiqvfA2D,Cincinnati,Bengals,CIN,cincinnati-bengals,cin,LJmHetie5VbbO,Indianapolis,Colts,IND,indianapolis-colts,clt,H,A,42,28,https://www.pro-football-reference.com/boxscores/201312080cin.htm
closed,2013,14,Sun,2013-12-08,VkxV91RtzHn65,New England,Patriots,NE,new-england-patriots,nwe,IR4gIYmh269EI,Cleveland,Browns,CLE,cleveland-browns,cle,H,A,27,26,https://www.pro-football-reference.com/boxscores/201312080nwe.htm
closed,2013,14,Sun,2013-12-08,hjjmgzxilGWdr,Philadelphia,Eagles,PHI,philadelphia-eagles,phi,FCuH1wdksA2DQ,Detroit,Lions,DET,detroit-lions,det,H,A,34,20,https://www.pro-football-reference.com/boxscores/201312080phi.htm
closed,2013,14,Sun,2013-12-08,mfbu6O5aMHbJg,Miami,Dolphins,MIA,miami-dolphins,mia,SlVgURDFI7EXX,Pittsburgh,Steelers,PIT,pittsburgh-steelers,pit,A,H,34,28,https://www.pro-football-reference.com/boxscores/201312080pit.htm
closed,2013,14,Sun,2013-12-08,mexvMWO2v1hWn,New York,Jets,NYJ,new-york-jets,nyj,LZoDld8s63xUs,Las Vegas,Raiders,LV,oakland-raiders,rai,H,A,37,27,https://www.pro-football-reference.com/boxscores/201312080nyj.htm
closed,2013,14,Sun,2013-12-08,oiGiwWPf0UqMC,Kansas City,Chiefs,KC,kansas-city-chiefs,kan,9JtBk8kFeaGEs,Washington,Football Team,WAS,washington-redskins,was,A,H,45,10,https://www.pro-football-reference.com/boxscores/201312080was.htm
closed,2013,14,Sun,2013-12-08,zyhFXj1nywrm1,Baltimore,Ravens,BAL,baltimore-ravens,rav,AzOs5UWsXusSW,Minnesota,Vikings,MIN,minnesota-vikings,min,H,A,29,26,https://www.pro-football-reference.com/boxscores/201312080rav.htm
closed,2013,14,Sun,2013-12-08,6DclFuycdPaOB,Denver,Broncos,DEN,denver-broncos,den,ltMyRE3yvVUaw,Tennessee,Titans,TEN,tennessee-titans,oti,H,A,51,28,https://www.pro-football-reference.com/boxscores/201312080den.htm
closed,2013,14,Sun,2013-12-08,GJizlkzQFaqGA,Arizona,Cardinals,ARI,arizona-cardinals,crd,u98I1lDKQBwZ0,Los Angeles,Rams,LA,st-louis-rams,ram,H,A,30,10,https://www.pro-football-reference.com/boxscores/201312080crd.htm
closed,2013,14,Sun,2013-12-08,SjaMbkmeizJD4,Los Angeles,Chargers,LAC,san-diego-chargers,sdg,n8CuHV9wbYCqF,New York,Giants,NYG,new-york-giants,nyg,H,A,37,14,https://www.pro-football-reference.com/boxscores/201312080sdg.htm
closed,2013,14,Sun,2013-12-08,IwSI92ZDKoazn,San Francisco,49ers,SF,san-francisco-49ers,sfo,4M8AK5p0WXs1N,Seattle,Seahawks,SEA,seattle-seahawks,sea,H,A,19,17,https://www.pro-football-reference.com/boxscores/201312080sfo.htm
closed,2013,14,Sun,2013-12-08,CI5mhfNa0Zqd2,New Orleans,Saints,NO,new-orleans-saints,nor,jJBGuksuDJF5L,Carolina,Panthers,CAR,carolina-panthers,car,H,A,31,13,https://www.pro-football-reference.com/boxscores/201312080nor.htm
closed,2013,14,Mon,2013-12-09,1vVmWGzUZ1rea,Chicago,Bears,CHI,chicago-bears,chi,KdjU81i7YSFE7,Dallas,Cowboys,DAL,dallas-cowboys,dal,H,A,45,28,https://www.pro-football-reference.com/boxscores/201312090chi.htm
closed,2013,15,Thu,2013-12-12,SjaMbkmeizJD4,Los Angeles,Chargers,LAC,san-diego-chargers,sdg,6DclFuycdPaOB,Denver,Broncos,DEN,denver-broncos,den,A,H,27,20,https://www.pro-football-reference.com/boxscores/201312120den.htm
closed,2013,15,Sun,2013-12-15,3VqeLK0LS9rpw,Buffalo,Bills,BUF,buffalo-bills,buf,RtOjnciWkJPaL,Jacksonville,Jaguars,JAC,jacksonville-jaguars,jax,A,H,27,20,https://www.pro-football-reference.com/boxscores/201312150jax.htm
closed,2013,15,Sun,2013-12-15,LJmHetie5VbbO,Indianapolis,Colts,IND,indianapolis-colts,clt,UI0Ax4HUEXFh6,Houston,Texans,HOU,houston-texans,htx,H,A,25,3,https://www.pro-football-reference.com/boxscores/201312150clt.htm
closed,2013,15,Sun,2013-12-15,mfbu6O5aMHbJg,Miami,Dolphins,MIA,miami-dolphins,mia,VkxV91RtzHn65,New England,Patriots,NE,new-england-patriots,nwe,H,A,24,20,https://www.pro-football-reference.com/boxscores/201312150mia.htm
closed,2013,15,Sun,2013-12-15,AzOs5UWsXusSW,Minnesota,Vikings,MIN,minnesota-vikings,min,hjjmgzxilGWdr,Philadelphia,Eagles,PHI,philadelphia-eagles,phi,H,A,48,30,https://www.pro-football-reference.com/boxscores/201312150min.htm
closed,2013,15,Sun,2013-12-15,IwSI92ZDKoazn,San Francisco,49ers,SF,san-francisco-49ers,sfo,QMAZH1v922YLu,Tampa Bay,Buccaneers,TB,tampa-bay-buccaneers,tam,A,H,33,14,https://www.pro-football-reference.com/boxscores/201312150tam.htm
closed,2013,15,Sun,2013-12-15,mLspw4gJNTQGN,Atlanta,Falcons,ATL,atlanta-falcons,atl,9JtBk8kFeaGEs,Washington,Football Team,WAS,washington-redskins,was,H,A,27,26,https://www.pro-football-reference.com/boxscores/201312150atl.htm
closed,2013,15,Sun,2013-12-15,1vVmWGzUZ1rea,Chicago,Bears,CHI,chicago-bears,chi,IR4gIYmh269EI,Cleveland,Browns,CLE,cleveland-browns,cle,A,H,38,31,https://www.pro-football-reference.com/boxscores/201312150cle.htm
closed,2013,15,Sun,2013-12-15,4M8AK5p0WXs1N,Seattle,Seahawks,SEA,seattle-seahawks,sea,n8CuHV9wbYCqF,New York,Giants,NYG,new-york-giants,nyg,A,H,23,0,https://www.pro-football-reference.com/boxscores/201312150nyg.htm
closed,2013,15,Sun,2013-12-15,jJBGuksuDJF5L,Carolina,Panthers,CAR,carolina-panthers,car,mexvMWO2v1hWn,New York,Jets,NYJ,new-york-jets,nyj,H,A,30,20,https://www.pro-football-reference.com/boxscores/201312150car.htm
closed,2013,15,Sun,2013-12-15,oiGiwWPf0UqMC,Kansas City,Chiefs,KC,kansas-city-chiefs,kan,LZoDld8s63xUs,Las Vegas,Raiders,LV,oakland-raiders,rai,A,H,56,31,https://www.pro-football-reference.com/boxscores/201312150rai.htm
closed,2013,15,Sun,2013-12-15,D5QY6bOxfn8ZL,Green Bay,Packers,GB,green-bay-packers,gnb,KdjU81i7YSFE7,Dallas,Cowboys,DAL,dallas-cowboys,dal,A,H,37,36,https://www.pro-football-reference.com/boxscores/201312150dal.htm
closed,2013,15,Sun,2013-12-15,u98I1lDKQBwZ0,Los Angeles,Rams,LA,st-louis-rams,ram,CI5mhfNa0Zqd2,New Orleans,Saints,NO,new-orleans-saints,nor,H,A,27,16,https://www.pro-football-reference.com/boxscores/201312150ram.htm
closed,2013,15,Sun,2013-12-15,GJizlkzQFaqGA,Arizona,Cardinals,ARI,arizona-cardinals,crd,ltMyRE3yvVUaw,Tennessee,Titans,TEN,tennessee-titans,oti,A,H,37,34,https://www.pro-football-reference.com/boxscores/201312150oti.htm
closed,2013,15,Sun,2013-12-15,SlVgURDFI7EXX,Pittsburgh,Steelers,PIT,pittsburgh-steelers,pit,22ZdibiqvfA2D,Cincinnati,Bengals,CIN,cincinnati-bengals,cin,H,A,30,20,https://www.pro-football-reference.com/boxscores/201312150pit.htm
closed,2013,15,Mon,2013-12-16,zyhFXj1nywrm1,Baltimore,Ravens,BAL,baltimore-ravens,rav,FCuH1wdksA2DQ,Detroit,Lions,DET,detroit-lions,det,A,H,18,16,https://www.pro-football-reference.com/boxscores/201312160det.htm
closed,2013,16,Sun,2013-12-22,u98I1lDKQBwZ0,Los Angeles,Rams,LA,st-louis-rams,ram,QMAZH1v922YLu,Tampa Bay,Buccaneers,TB,tampa-bay-buccaneers,tam,H,A,23,13,https://www.pro-football-reference.com/boxscores/201312220ram.htm
closed,2013,16,Sun,2013-12-22,3VqeLK0LS9rpw,Buffalo,Bills,BUF,buffalo-bills,buf,mfbu6O5aMHbJg,Miami,Dolphins,MIA,miami-dolphins,mia,H,A,19,0,https://www.pro-football-reference.com/boxscores/201312220buf.htm
closed,2013,16,Sun,2013-12-22,22ZdibiqvfA2D,Cincinnati,Bengals,CIN,cincinnati-bengals,cin,AzOs5UWsXusSW,Minnesota,Vikings,MIN,minnesota-vikings,min,H,A,42,14,https://www.pro-football-reference.com/boxscores/201312220cin.htm
closed,2013,16,Sun,2013-12-22,mexvMWO2v1hWn,New York,Jets,NYJ,new-york-jets,nyj,IR4gIYmh269EI,Cleveland,Browns,CLE,cleveland-browns,cle,H,A,24,13,https://www.pro-football-reference.com/boxscores/201312220nyj.htm
closed,2013,16,Sun,2013-12-22,LJmHetie5VbbO,Indianapolis,Colts,IND,indianapolis-colts,clt,oiGiwWPf0UqMC,Kansas City,Chiefs,KC,kansas-city-chiefs,kan,A,H,23,7,https://www.pro-football-reference.com/boxscores/201312220kan.htm
closed,2013,16,Sun,2013-12-22,6DclFuycdPaOB,Denver,Broncos,DEN,denver-broncos,den,UI0Ax4HUEXFh6,Houston,Texans,HOU,houston-texans,htx,A,H,37,13,https://www.pro-football-reference.com/boxscores/201312220htx.htm
closed,2013,16,Sun,2013-12-22,ltMyRE3yvVUaw,Tennessee,Titans,TEN,tennessee-titans,oti,RtOjnciWkJPaL,Jacksonville,Jaguars,JAC,jacksonville-jaguars,jax,A,H,20,16,https://www.pro-football-reference.com/boxscores/201312220jax.htm
closed,2013,16,Sun,2013-12-22,KdjU81i7YSFE7,Dallas,Cowboys,DAL,dallas-cowboys,dal,9JtBk8kFeaGEs,Washington,Football Team,WAS,washington-redskins,was,A,H,24,23,https://www.pro-football-reference.com/boxscores/201312220was.htm
closed,2013,16,Sun,2013-12-22,jJBGuksuDJF5L,Carolina,Panthers,CAR,carolina-panthers,car,CI5mhfNa0Zqd2,New Orleans,Saints,NO,new-orleans-saints,nor,H,A,17,13,https://www.pro-football-reference.com/boxscores/201312220car.htm
closed,2013,16,Sun,2013-12-22,n8CuHV9wbYCqF,New York,Giants,NYG,new-york-giants,nyg,FCuH1wdksA2DQ,Detroit,Lions,DET,detroit-lions,det,A,H,23,20,https://www.pro-football-reference.com/boxscores/201312220det.htm
closed,2013,16,Sun,2013-12-22,GJizlkzQFaqGA,Arizona,Cardinals,ARI,arizona-cardinals,crd,4M8AK5p0WXs1N,Seattle,Seahawks,SEA,seattle-seahawks,sea,A,H,17,10,https://www.pro-football-reference.com/boxscores/201312220sea.htm
closed,2013,16,Sun,2013-12-22,SlVgURDFI7EXX,Pittsburgh,Steelers,PIT,pittsburgh-steelers,pit,D5QY6bOxfn8ZL,Green Bay,Packers,GB,green-bay-packers,gnb,A,H,38,31,https://www.pro-football-reference.com/boxscores/201312220gnb.htm
closed,2013,16,Sun,2013-12-22,VkxV91RtzHn65,New England,Patriots,NE,new-england-patriots,nwe,zyhFXj1nywrm1,Baltimore,Ravens,BAL,baltimore-ravens,rav,A,H,41,7,https://www.pro-football-reference.com/boxscores/201312220rav.htm
closed,2013,16,Sun,2013-12-22,SjaMbkmeizJD4,Los Angeles,Chargers,LAC,san-diego-chargers,sdg,LZoDld8s63xUs,Las Vegas,Raiders,LV,oakland-raiders,rai,H,A,26,13,https://www.pro-football-reference.com/boxscores/201312220sdg.htm
closed,2013,16,Sun,2013-12-22,hjjmgzxilGWdr,Philadelphia,Eagles,PHI,philadelphia-eagles,phi,1vVmWGzUZ1rea,Chicago,Bears,CHI,chicago-bears,chi,H,A,54,11,https://www.pro-football-reference.com/boxscores/201312220phi.htm
closed,2013,16,Mon,2013-12-23,IwSI92ZDKoazn,San Francisco,49ers,SF,san-francisco-49ers,sfo,mLspw4gJNTQGN,Atlanta,Falcons,ATL,atlanta-falcons,atl,H,A,34,24,https://www.pro-football-reference.com/boxscores/201312230sfo.htm
closed,2013,17,Sun,2013-12-29,22ZdibiqvfA2D,Cincinnati,Bengals,CIN,cincinnati-bengals,cin,zyhFXj1nywrm1,Baltimore,Ravens,BAL,baltimore-ravens,rav,H,A,34,17,https://www.pro-football-reference.com/boxscores/201312290cin.htm
closed,2013,17,Sun,2013-12-29,SlVgURDFI7EXX,Pittsburgh,Steelers,PIT,pittsburgh-steelers,pit,IR4gIYmh269EI,Cleveland,Browns,CLE,cleveland-browns,cle,H,A,20,7,https://www.pro-football-reference.com/boxscores/201312290pit.htm
closed,2013,17,Sun,2013-12-29,LJmHetie5VbbO,Indianapolis,Colts,IND,indianapolis-colts,clt,RtOjnciWkJPaL,Jacksonville,Jaguars,JAC,jacksonville-jaguars,jax,H,A,30,10,https://www.pro-football-reference.com/boxscores/201312290clt.htm
closed,2013,17,Sun,2013-12-29,ltMyRE3yvVUaw,Tennessee,Titans,TEN,tennessee-titans,oti,UI0Ax4HUEXFh6,Houston,Texans,HOU,houston-texans,htx,H,A,16,10,https://www.pro-football-reference.com/boxscores/201312290oti.htm
closed,2013,17,Sun,2013-12-29,mexvMWO2v1hWn,New York,Jets,NYJ,new-york-jets,nyj,mfbu6O5aMHbJg,Miami,Dolphins,MIA,miami-dolphins,mia,A,H,20,7,https://www.pro-football-reference.com/boxscores/201312290mia.htm
closed,2013,17,Sun,2013-12-29,n8CuHV9wbYCqF,New York,Giants,NYG,new-york-giants,nyg,9JtBk8kFeaGEs,Washington,Football Team,WAS,washington-redskins,was,H,A,20,6,https://www.pro-football-reference.com/boxscores/201312290nyg.htm
closed,2013,17,Sun,2013-12-29,jJBGuksuDJF5L,Carolina,Panthers,CAR,carolina-panthers,car,mLspw4gJNTQGN,Atlanta,Falcons,ATL,atlanta-falcons,atl,A,H,21,20,https://www.pro-football-reference.com/boxscores/201312290atl.htm
closed,2013,17,Sun,2013-12-29,AzOs5UWsXusSW,Minnesota,Vikings,MIN,minnesota-vikings,min,FCuH1wdksA2DQ,Detroit,Lions,DET,detroit-lions,det,H,A,14,13,https://www.pro-football-reference.com/boxscores/201312290min.htm
closed,2013,17,Sun,2013-12-29,VkxV91RtzHn65,New England,Patriots,NE,new-england-patriots,nwe,3VqeLK0LS9rpw,Buffalo,Bills,BUF,buffalo-bills,buf,H,A,34,20,https://www.pro-football-reference.com/boxscores/201312290nwe.htm
closed,2013,17,Sun,2013-12-29,D5QY6bOxfn8ZL,Green Bay,Packers,GB,green-bay-packers,gnb,1vVmWGzUZ1rea,Chicago,Bears,CHI,chicago-bears,chi,A,H,33,28,https://www.pro-football-reference.com/boxscores/201312290chi.htm
closed,2013,17,Sun,2013-12-29,IwSI92ZDKoazn,San Francisco,49ers,SF,san-francisco-49ers,sfo,GJizlkzQFaqGA,Arizona,Cardinals,ARI,arizona-cardinals,crd,A,H,23,20,https://www.pro-football-reference.com/boxscores/201312290crd.htm
closed,2013,17,Sun,2013-12-29,6DclFuycdPaOB,Denver,Broncos,DEN,denver-broncos,den,LZoDld8s63xUs,Las Vegas,Raiders,LV,oakland-raiders,rai,A,H,34,14,https://www.pro-football-reference.com/boxscores/201312290rai.htm
closed,2013,17,Sun,2013-12-29,CI5mhfNa0Zqd2,New Orleans,Saints,NO,new-orleans-saints,nor,QMAZH1v922YLu,Tampa Bay,Buccaneers,TB,tampa-bay-buccaneers,tam,H,A,42,17,https://www.pro-football-reference.com/boxscores/201312290nor.htm
closed,2013,17,Sun,2013-12-29,SjaMbkmeizJD4,Los Angeles,Chargers,LAC,san-diego-chargers,sdg,oiGiwWPf0UqMC,Kansas City,Chiefs,KC,kansas-city-chiefs,kan,H,A,27,24,https://www.pro-football-reference.com/boxscores/201312290sdg.htm
closed,2013,17,Sun,2013-12-29,4M8AK5p0WXs1N,Seattle,Seahawks,SEA,seattle-seahawks,sea,u98I1lDKQBwZ0,Los Angeles,Rams,LA,st-louis-rams,ram,H,A,27,9,https://www.pro-football-reference.com/boxscores/201312290sea.htm
closed,2013,17,Sun,2013-12-29,hjjmgzxilGWdr,Philadelphia,Eagles,PHI,philadelphia-eagles,phi,KdjU81i7YSFE7,Dallas,Cowboys,DAL,dallas-cowboys,dal,A,H,24,22,https://www.pro-football-reference.com/boxscores/201312290dal.htm
closed,2013,18,Sat,2014-01-04,LJmHetie5VbbO,Indianapolis,Colts,IND,indianapolis-colts,clt,oiGiwWPf0UqMC,Kansas City,Chiefs,KC,kansas-city-chiefs,kan,H,A,45,44,https://www.pro-football-reference.com/boxscores/201401040clt.htm
closed,2013,18,Sat,2014-01-04,CI5mhfNa0Zqd2,New Orleans,Saints,NO,new-orleans-saints,nor,hjjmgzxilGWdr,Philadelphia,Eagles,PHI,philadelphia-eagles,phi,A,H,26,24,https://www.pro-football-reference.com/boxscores/201401040phi.htm
closed,2013,18,Sun,2014-01-05,SjaMbkmeizJD4,Los Angeles,Chargers,LAC,san-diego-chargers,sdg,22ZdibiqvfA2D,Cincinnati,Bengals,CIN,cincinnati-bengals,cin,A,H,27,10,https://www.pro-football-reference.com/boxscores/201401050cin.htm
closed,2013,18,Sun,2014-01-05,IwSI92ZDKoazn,San Francisco,49ers,SF,san-francisco-49ers,sfo,D5QY6bOxfn8ZL,Green Bay,Packers,GB,green-bay-packers,gnb,A,H,23,20,https://www.pro-football-reference.com/boxscores/201401050gnb.htm
closed,2013,19,Sat,2014-01-11,4M8AK5p0WXs1N,Seattle,Seahawks,SEA,seattle-seahawks,sea,CI5mhfNa0Zqd2,New Orleans,Saints,NO,new-orleans-saints,nor,H,A,23,15,https://www.pro-football-reference.com/boxscores/201401110sea.htm
closed,2013,19,Sat,2014-01-11,VkxV91RtzHn65,New England,Patriots,NE,new-england-patriots,nwe,LJmHetie5VbbO,Indianapolis,Colts,IND,indianapolis-colts,clt,H,A,43,22,https://www.pro-football-reference.com/boxscores/201401110nwe.htm
closed,2013,19,Sun,2014-01-12,IwSI92ZDKoazn,San Francisco,49ers,SF,san-francisco-49ers,sfo,jJBGuksuDJF5L,Carolina,Panthers,CAR,carolina-panthers,car,A,H,23,10,https://www.pro-football-reference.com/boxscores/201401120car.htm
closed,2013,19,Sun,2014-01-12,6DclFuycdPaOB,Denver,Broncos,DEN,denver-broncos,den,SjaMbkmeizJD4,Los Angeles,Chargers,LAC,san-diego-chargers,sdg,H,A,24,17,https://www.pro-football-reference.com/boxscores/201401120den.htm
closed,2013,20,Sun,2014-01-19,6DclFuycdPaOB,Denver,Broncos,DEN,denver-broncos,den,VkxV91RtzHn65,New England,Patriots,NE,new-england-patriots,nwe,H,A,26,16,https://www.pro-football-reference.com/boxscores/201401190den.htm
closed,2013,20,Sun,2014-01-19,4M8AK5p0WXs1N,Seattle,Seahawks,SEA,seattle-seahawks,sea,IwSI92ZDKoazn,San Francisco,49ers,SF,san-francisco-49ers,sfo,H,A,23,17,https://www.pro-football-reference.com/boxscores/201401190sea.htm
closed,2013,21,Sun,2014-02-02,4M8AK5p0WXs1N,Seattle,Seahawks,SEA,seattle-seahawks,sea,6DclFuycdPaOB,Denver,Broncos,DEN,denver-broncos,den,N,N,43,8,https://www.pro-football-reference.com/boxscores/201402020den.htm
